{
    "loss": 28.72304344177246,
    "accuracy": 0.690077006816864
}