{
    "loss": 15.938660621643066,
    "accuracy": 0.690077006816864
}